2020-01-01 22:00,1.1212,1.12139,1.12106,1.12127,234
2020-01-01 22:15,1.12127,1.12154,1.12127,1.12146,221
2020-01-01 22:30,1.12147,1.12156,1.12138,1.12154,103
2020-01-01 22:45,1.12155,1.12166,1.12143,1.12143,666
2020-01-01 23:00,1.12143,1.12218,1.12142,1.12202,620
2020-01-01 23:15,1.12201,1.1221,1.12195,1.1221,200
2020-01-01 23:30,1.1221,1.12216,1.12207,1.12208,197
2020-01-01 23:45,1.12208,1.12208,1.12176,1.12188,390
2020-01-02 00:00,1.12188,1.1219,1.12161,1.12162,471
2020-01-02 00:15,1.12161,1.12169,1.12157,1.12161,555
2020-01-02 00:30,1.12161,1.12174,1.12157,1.12172,380
2020-01-02 00:45,1.12173,1.1219,1.12172,1.12183,384
2020-01-02 01:00,1.12182,1.12231,1.1218,1.12225,763
2020-01-02 01:15,1.12225,1.12244,1.12219,1.12236,1012
2020-01-02 01:30,1.12234,1.12237,1.1221,1.1221,554
2020-01-02 01:45,1.1221,1.12211,1.1218,1.12209,806
2020-01-02 02:00,1.1221,1.1221,1.12184,1.1219,759
2020-01-02 02:15,1.12191,1.12217,1.12186,1.12216,654
2020-01-02 02:30,1.12216,1.12239,1.12211,1.12238,381
2020-01-02 02:45,1.12239,1.12245,1.12218,1.12222,327
2020-01-02 03:00,1.12224,1.12231,1.12215,1.12217,408
2020-01-02 03:15,1.12216,1.12218,1.1218,1.12181,766
2020-01-02 03:30,1.12181,1.12181,1.12131,1.12135,732
2020-01-02 03:45,1.12134,1.12141,1.12124,1.12132,645
2020-01-02 04:00,1.12132,1.12142,1.12127,1.12142,489
2020-01-02 04:15,1.12142,1.12143,1.12119,1.12121,440
2020-01-02 04:30,1.12122,1.12122,1.1209,1.12096,603
2020-01-02 04:45,1.12096,1.12099,1.12008,1.12012,1125
2020-01-02 05:00,1.12011,1.12032,1.12009,1.12013,1693
2020-01-02 05:15,1.12013,1.12034,1.1201,1.12016,703
2020-01-02 05:30,1.12017,1.12032,1.12013,1.12028,438
2020-01-02 05:45,1.12029,1.12044,1.12017,1.12043,592
2020-01-02 06:00,1.12044,1.1207,1.12042,1.12068,1001
2020-01-02 06:15,1.12068,1.12069,1.12043,1.12053,902
2020-01-02 06:30,1.12054,1.1207,1.12036,1.12068,805
2020-01-02 06:45,1.12068,1.12077,1.1206,1.12077,622
2020-01-02 07:00,1.12078,1.12099,1.12069,1.12077,1917
2020-01-02 07:15,1.12077,1.12097,1.12056,1.12062,1503
2020-01-02 07:30,1.12065,1.12073,1.12043,1.12073,1627
2020-01-02 07:45,1.12074,1.12102,1.12073,1.12098,1706
2020-01-02 08:00,1.12099,1.12137,1.12051,1.12098,2892
2020-01-02 08:15,1.12097,1.12122,1.12072,1.12073,1624
2020-01-02 08:30,1.12073,1.12103,1.12059,1.1209,1331
2020-01-02 08:45,1.1209,1.12125,1.12083,1.1212,1352
2020-01-02 09:00,1.12119,1.12141,1.12092,1.12105,1825
2020-01-02 09:15,1.12105,1.12122,1.12095,1.121,1485
2020-01-02 09:30,1.12099,1.12111,1.12052,1.12057,1785
2020-01-02 09:45,1.12058,1.12059,1.12011,1.1203,1833
2020-01-02 10:00,1.1203,1.12039,1.1201,1.1201,1750
2020-01-02 10:15,1.12011,1.12011,1.11927,1.11933,2120
2020-01-02 10:30,1.11933,1.1196,1.11927,1.11938,1671
2020-01-02 10:45,1.11939,1.11997,1.11935,1.11982,1691
2020-01-02 11:00,1.11984,1.12021,1.11967,1.12004,2335
2020-01-02 11:15,1.12003,1.12003,1.11942,1.11946,2077
2020-01-02 11:30,1.11947,1.11954,1.11871,1.11899,2458
2020-01-02 11:45,1.11898,1.11906,1.11842,1.11848,1999
2020-01-02 12:00,1.11847,1.11908,1.11829,1.11906,2184
2020-01-02 12:15,1.11907,1.11925,1.11881,1.11916,1576
2020-01-02 12:30,1.11917,1.11943,1.1191,1.11918,1655
2020-01-02 12:45,1.11919,1.1194,1.11899,1.1193,1600
2020-01-02 13:00,1.11929,1.11941,1.11909,1.11923,1810
2020-01-02 13:15,1.11923,1.11969,1.11916,1.11952,2559
2020-01-02 13:30,1.11951,1.11952,1.11896,1.11932,2635
2020-01-02 13:45,1.11933,1.1197,1.11918,1.11963,181195
2020-01-02 14:00,1.11963,1.11965,1.11851,1.11861,23562
2020-01-02 14:15,1.1186,1.11872,1.11766,1.11773,47616
2020-01-02 14:30,1.11774,1.11802,1.11712,1.11724,9808
2020-01-02 14:45,1.11724,1.11749,1.117,1.11741,40664
2020-01-02 15:00,1.11739,1.11765,1.11713,1.11752,5118
2020-01-02 15:15,1.11752,1.1178,1.11708,1.11739,23881
2020-01-02 15:30,1.11738,1.11828,1.11724,1.1181,4842
2020-01-02 15:45,1.11812,1.12023,1.11803,1.12005,8645
2020-01-02 16:00,1.12006,1.1203,1.11868,1.11873,30098
2020-01-02 16:15,1.11875,1.11875,1.11829,1.11845,7726
2020-01-02 16:30,1.11844,1.11866,1.11753,1.11757,3285
2020-01-02 16:45,1.11757,1.11775,1.11651,1.11661,2986
2020-01-02 17:00,1.11661,1.11666,1.11636,1.1166,2268
2020-01-02 17:15,1.11659,1.11711,1.11635,1.11705,2743
2020-01-02 17:30,1.11706,1.11719,1.11677,1.11704,1174
2020-01-02 17:45,1.11704,1.11717,1.11645,1.11698,1964
2020-01-02 18:00,1.11698,1.11712,1.11643,1.11648,2332
2020-01-02 18:15,1.11647,1.11683,1.11636,1.11674,1466
2020-01-02 18:30,1.11675,1.11723,1.11672,1.11713,1567
2020-01-02 18:45,1.11713,1.11714,1.11663,1.11702,1497
2020-01-02 19:00,1.11702,1.11703,1.11675,1.11702,1263
2020-01-02 19:15,1.11703,1.11703,1.11678,1.11681,1406
2020-01-02 19:30,1.11682,1.11682,1.11643,1.11653,1567
2020-01-02 19:45,1.11654,1.11674,1.11642,1.11663,1395
2020-01-02 20:00,1.11662,1.11705,1.11659,1.117,1232
2020-01-02 20:15,1.117,1.11715,1.11695,1.1171,734
2020-01-02 20:30,1.1171,1.11712,1.11684,1.11684,816
2020-01-02 20:45,1.11684,1.11701,1.11667,1.11693,913
2020-01-02 21:00,1.11692,1.11723,1.11689,1.11717,612
2020-01-02 21:15,1.11717,1.11735,1.11717,1.11733,264
2020-01-02 21:30,1.11733,1.11733,1.11716,1.11717,235
2020-01-02 21:45,1.11718,1.11727,1.11712,1.11722,409
2020-01-02 22:00,1.11722,1.11726,1.11692,1.11718,452
2020-01-02 22:15,1.11718,1.11719,1.11687,1.11714,143
2020-01-02 22:30,1.11715,1.1173,1.1171,1.11718,162
2020-01-02 22:45,1.11718,1.11721,1.1171,1.11713,82
2020-01-02 23:00,1.11712,1.11732,1.11712,1.11727,354
2020-01-02 23:15,1.11727,1.11734,1.11722,1.11729,224
2020-01-02 23:30,1.1173,1.11734,1.11702,1.11708,326
2020-01-02 23:45,1.11707,1.1171,1.11701,1.11708,211
2020-01-03 00:00,1.11707,1.11738,1.11698,1.11729,441
2020-01-03 00:15,1.11729,1.11731,1.11714,1.11725,241
2020-01-03 00:30,1.11725,1.1173,1.11723,1.11725,506
2020-01-03 00:45,1.11726,1.1176,1.11725,1.11754,583
2020-01-03 01:00,1.11753,1.11779,1.11745,1.11774,387
2020-01-03 01:15,1.11774,1.11784,1.11759,1.11759,763
2020-01-03 01:30,1.11759,1.11759,1.11728,1.11729,696
2020-01-03 01:45,1.11729,1.11768,1.11722,1.11735,1489
2020-01-03 02:00,1.11735,1.11765,1.11733,1.11756,1123
2020-01-03 02:15,1.11756,1.11772,1.11741,1.11763,1665
2020-01-03 02:30,1.11763,1.11774,1.1175,1.11767,1360
2020-01-03 02:45,1.11767,1.11771,1.11718,1.11725,2051
2020-01-03 03:00,1.11725,1.11733,1.11712,1.11729,770
2020-01-03 03:15,1.11729,1.11732,1.11695,1.11718,1194
2020-01-03 03:30,1.11718,1.11725,1.11712,1.11718,747
2020-01-03 03:45,1.11718,1.11736,1.11716,1.1172,805
2020-01-03 04:00,1.1172,1.11749,1.1172,1.11745,845
2020-01-03 04:15,1.11745,1.11745,1.11733,1.11735,551
2020-01-03 04:30,1.11736,1.11742,1.11703,1.11717,708
2020-01-03 04:45,1.11717,1.11719,1.11685,1.117,650
2020-01-03 05:00,1.117,1.11706,1.11667,1.11675,1007
2020-01-03 05:15,1.11675,1.11675,1.11643,1.11663,991
2020-01-03 05:30,1.11664,1.117,1.11657,1.11689,1277
2020-01-03 05:45,1.1169,1.11701,1.11663,1.11663,752
2020-01-03 06:00,1.11663,1.11667,1.11638,1.11652,1167
2020-01-03 06:15,1.11653,1.11682,1.11643,1.11675,760
2020-01-03 06:30,1.11674,1.11693,1.11672,1.11685,454
2020-01-03 06:45,1.11686,1.11695,1.11679,1.11691,612
2020-01-03 07:00,1.11691,1.11715,1.1163,1.11633,2192
2020-01-03 07:15,1.11632,1.11643,1.11565,1.11585,2485
2020-01-03 07:30,1.11586,1.11602,1.1156,1.11574,1815
2020-01-03 07:45,1.11575,1.11594,1.11521,1.11532,2742
2020-01-03 08:00,1.11531,1.11603,1.1152,1.11585,2866
2020-01-03 08:15,1.11586,1.11604,1.11541,1.11583,2594
2020-01-03 08:30,1.11581,1.1159,1.11524,1.11534,2246
2020-01-03 08:45,1.11537,1.11541,1.11505,1.11512,4572
2020-01-03 09:00,1.11512,1.11522,1.11464,1.11468,3023
2020-01-03 09:15,1.11467,1.11474,1.1143,1.1147,2455
2020-01-03 09:30,1.1147,1.11496,1.11445,1.11454,3177
2020-01-03 09:45,1.11454,1.11456,1.114,1.11401,2883
2020-01-03 10:00,1.114,1.11433,1.11315,1.11334,3669
2020-01-03 10:15,1.11334,1.11373,1.11328,1.11348,2675
2020-01-03 10:30,1.11347,1.11357,1.11307,1.11318,2152
2020-01-03 10:45,1.11317,1.11367,1.1131,1.1136,2215
2020-01-03 11:00,1.11361,1.11361,1.11266,1.11313,2550
2020-01-03 11:15,1.11314,1.11314,1.11278,1.11297,1860
2020-01-03 11:30,1.11298,1.11312,1.11252,1.11274,2558
2020-01-03 11:45,1.11274,1.113,1.11249,1.113,2137
2020-01-03 12:00,1.113,1.11321,1.11281,1.11314,1830
2020-01-03 12:15,1.11312,1.11326,1.11286,1.11302,1719
2020-01-03 12:30,1.11302,1.11405,1.11297,1.11403,2444
2020-01-03 12:45,1.11402,1.11426,1.1136,1.11391,2122
2020-01-03 13:00,1.11392,1.11475,1.11375,1.11465,3558
2020-01-03 13:15,1.11465,1.11488,1.11452,1.11457,2410
2020-01-03 13:30,1.11458,1.11478,1.11442,1.11465,1436
2020-01-03 13:45,1.11465,1.11466,1.11373,1.11381,2956
2020-01-03 14:00,1.1138,1.11434,1.11353,1.11411,2605
2020-01-03 14:15,1.1141,1.11491,1.1141,1.11464,2448
2020-01-03 14:30,1.11465,1.11528,1.11462,1.11515,3346
2020-01-03 14:45,1.11514,1.11541,1.11495,1.11522,2782
2020-01-03 15:00,1.11525,1.11669,1.11525,1.11616,4592
2020-01-03 15:15,1.11614,1.11667,1.11592,1.1163,3135
2020-01-03 15:30,1.11631,1.1165,1.11579,1.11631,2228
2020-01-03 15:45,1.11631,1.11674,1.1156,1.11633,3325
2020-01-03 16:00,1.11634,1.11684,1.11624,1.11681,20543
2020-01-03 16:15,1.1168,1.11744,1.11677,1.11736,9592
2020-01-03 16:30,1.11735,1.11798,1.1173,1.11737,2808
2020-01-03 16:45,1.11737,1.11752,1.11711,1.11719,2009
2020-01-03 17:00,1.1172,1.1174,1.1171,1.11727,1710
2020-01-03 17:15,1.11729,1.11736,1.11708,1.11727,1274
2020-01-03 17:30,1.11726,1.11727,1.11679,1.11712,1197
2020-01-03 17:45,1.11713,1.11736,1.11707,1.11721,1142
2020-01-03 18:00,1.11721,1.11732,1.11705,1.11725,1036
2020-01-03 18:15,1.11725,1.11728,1.11697,1.11701,1218
2020-01-03 18:30,1.11701,1.11716,1.11661,1.11684,2281
2020-01-03 18:45,1.11683,1.11692,1.11659,1.11666,1237
2020-01-03 19:00,1.11665,1.11681,1.1164,1.11666,2002
2020-01-03 19:15,1.11666,1.11666,1.11612,1.11628,1846
2020-01-03 19:30,1.11628,1.11638,1.11615,1.11625,1153
2020-01-03 19:45,1.11625,1.11677,1.11623,1.11673,1342
2020-01-03 20:00,1.11673,1.11674,1.11628,1.11635,772
2020-01-03 20:15,1.11634,1.11643,1.11615,1.11618,819
2020-01-03 20:30,1.11617,1.11619,1.11602,1.11613,756
2020-01-03 20:45,1.11612,1.11616,1.116,1.11616,792
2020-01-03 21:00,1.11614,1.1162,1.1158,1.11582,712
2020-01-03 21:15,1.11583,1.116,1.11578,1.116,191
2020-01-03 21:30,1.11598,1.11601,1.11572,1.11574,209
2020-01-03 21:45,1.11573,1.11596,1.11523,1.11548,384
2020-01-05 22:00,1.11656,1.11667,1.11601,1.11616,81
2020-01-05 22:15,1.11616,1.11625,1.11589,1.11603,130
2020-01-05 22:30,1.11602,1.11616,1.11599,1.11605,96
2020-01-05 22:45,1.11601,1.11609,1.1159,1.11594,89
2020-01-05 23:00,1.11595,1.11642,1.11592,1.11639,788
2020-01-05 23:15,1.11639,1.11676,1.11636,1.11674,1068
2020-01-05 23:30,1.11672,1.11677,1.11638,1.11658,1007
2020-01-05 23:45,1.11659,1.11659,1.11603,1.11604,1142
2020-01-06 00:00,1.11603,1.11671,1.116,1.11639,1345
2020-01-06 00:15,1.1164,1.11681,1.1164,1.11671,617
2020-01-06 00:30,1.1167,1.11685,1.11654,1.11674,857
2020-01-06 00:45,1.11673,1.11678,1.11628,1.11635,1151
2020-01-06 01:00,1.11635,1.11653,1.11617,1.11627,1652
2020-01-06 01:15,1.11627,1.11639,1.11622,1.11633,861
2020-01-06 01:30,1.11635,1.11639,1.11612,1.11624,1057
2020-01-06 01:45,1.11623,1.11638,1.11616,1.11627,1078
2020-01-06 02:00,1.11628,1.11644,1.11626,1.11631,806
2020-01-06 02:15,1.11631,1.11666,1.11624,1.11664,526
2020-01-06 02:30,1.11664,1.11671,1.11652,1.1166,636
2020-01-06 02:45,1.1166,1.11666,1.11644,1.11653,681
2020-01-06 03:00,1.11654,1.11681,1.11653,1.11674,617
2020-01-06 03:15,1.11673,1.11707,1.11673,1.11703,630
2020-01-06 03:30,1.11703,1.11709,1.11667,1.11676,1310
2020-01-06 03:45,1.11677,1.11691,1.11656,1.11657,1113
2020-01-06 04:00,1.11658,1.11661,1.11647,1.11651,660
2020-01-06 04:15,1.11652,1.11657,1.11624,1.11633,1688
2020-01-06 04:30,1.11632,1.11637,1.11621,1.11627,657
2020-01-06 04:45,1.11627,1.11644,1.11616,1.11642,1384
2020-01-06 05:00,1.11644,1.11651,1.11636,1.11641,593
2020-01-06 05:15,1.11642,1.11649,1.11641,1.11644,641
2020-01-06 05:30,1.11644,1.11647,1.11628,1.11628,499
2020-01-06 05:45,1.11628,1.11628,1.11606,1.11623,895
2020-01-06 06:00,1.11622,1.11624,1.11582,1.11583,854
2020-01-06 06:15,1.11582,1.11604,1.11571,1.11603,1163
2020-01-06 06:30,1.11603,1.11605,1.11574,1.11588,682
2020-01-06 06:45,1.11591,1.11615,1.11588,1.11607,1010
2020-01-06 07:00,1.11606,1.11636,1.11606,1.11618,1900
2020-01-06 07:15,1.11617,1.1165,1.11597,1.1163,2029
2020-01-06 07:30,1.11628,1.11656,1.11615,1.1165,1974
2020-01-06 07:45,1.11651,1.11667,1.11645,1.11646,1679
2020-01-06 08:00,1.11647,1.1167,1.11634,1.11639,2540
2020-01-06 08:15,1.11638,1.11698,1.11632,1.11667,2147
2020-01-06 08:30,1.11666,1.11698,1.11653,1.11692,1788
2020-01-06 08:45,1.11691,1.11799,1.11676,1.11785,2820
2020-01-06 09:00,1.11786,1.11814,1.11767,1.11782,2624
2020-01-06 09:15,1.11781,1.11797,1.11751,1.1179,1951
2020-01-06 09:30,1.1179,1.1189,1.11786,1.1189,2746
2020-01-06 09:45,1.11889,1.11936,1.11875,1.11932,2966
2020-01-06 10:00,1.11934,1.11954,1.11899,1.11943,2403
2020-01-06 10:15,1.11943,1.11996,1.11932,1.11961,2513
2020-01-06 10:30,1.11962,1.11982,1.11924,1.11953,1815
2020-01-06 10:45,1.11954,1.11978,1.11954,1.11964,1707
2020-01-06 11:00,1.11963,1.12051,1.11962,1.1203,2758
2020-01-06 11:15,1.12029,1.12053,1.1199,1.12024,1858
2020-01-06 11:30,1.12024,1.12055,1.12014,1.12017,1913
2020-01-06 11:45,1.12016,1.12054,1.12009,1.12032,1441
2020-01-06 12:00,1.12032,1.12043,1.11969,1.11975,1891
2020-01-06 12:15,1.11975,1.11985,1.11958,1.1198,1447
2020-01-06 12:30,1.11981,1.11984,1.11951,1.11982,1087
2020-01-06 12:45,1.11982,1.11998,1.11967,1.11981,1946
2020-01-06 13:00,1.11982,1.12002,1.11934,1.11935,2497
2020-01-06 13:15,1.11937,1.11972,1.11911,1.11958,2155
2020-01-06 13:30,1.11959,1.12032,1.1195,1.11998,2427
2020-01-06 13:45,1.11998,1.12,1.11963,1.11976,1644
2020-01-06 14:00,1.11976,1.12002,1.1195,1.11951,1941
2020-01-06 14:15,1.1195,1.11972,1.11929,1.11946,4540
2020-01-06 14:30,1.11947,1.11962,1.11883,1.11895,2796
2020-01-06 14:45,1.11896,1.11897,1.11825,1.11831,3311
2020-01-06 15:00,1.11832,1.11881,1.11828,1.11861,2532
2020-01-06 15:15,1.11861,1.11881,1.11826,1.11876,2197
2020-01-06 15:30,1.11875,1.11902,1.11827,1.1183,3207
2020-01-06 15:45,1.11828,1.11901,1.11821,1.11886,3420
2020-01-06 16:00,1.11887,1.11896,1.1181,1.1181,2408
2020-01-06 16:15,1.11809,1.11875,1.11809,1.11858,2486
2020-01-06 16:30,1.11857,1.11879,1.11855,1.11867,2169
2020-01-06 16:45,1.11866,1.11873,1.11846,1.11872,1979
2020-01-06 17:00,1.11872,1.11936,1.11842,1.11922,1944
2020-01-06 17:15,1.11924,1.1196,1.1192,1.11929,1327
2020-01-06 17:30,1.11929,1.11932,1.11913,1.11915,783
2020-01-06 17:45,1.11916,1.1195,1.11906,1.1195,1364
2020-01-06 18:00,1.11952,1.11963,1.11934,1.11942,1212
2020-01-06 18:15,1.11944,1.11966,1.11932,1.11955,984
2020-01-06 18:30,1.11956,1.11973,1.1195,1.11972,880
2020-01-06 18:45,1.11973,1.11979,1.11917,1.11919,1312
2020-01-06 19:00,1.11918,1.11928,1.11906,1.11916,1001
2020-01-06 19:15,1.11917,1.11925,1.11901,1.1192,725
2020-01-06 19:30,1.11919,1.11922,1.11879,1.1188,995
2020-01-06 19:45,1.1188,1.11921,1.1188,1.11912,1085
2020-01-06 20:00,1.11914,1.11917,1.11889,1.119,862
2020-01-06 20:15,1.119,1.11913,1.11899,1.11903,672
2020-01-06 20:30,1.11902,1.11909,1.11894,1.11904,639
2020-01-06 20:45,1.11905,1.11939,1.11893,1.11936,1261
2020-01-06 21:00,1.11936,1.11941,1.11928,1.1194,363
2020-01-06 21:15,1.11939,1.11955,1.1193,1.11946,346
2020-01-06 21:30,1.11946,1.11962,1.11946,1.11961,228
2020-01-06 21:45,1.11961,1.11989,1.1196,1.11968,293
2020-01-06 22:00,1.1196,1.1196,1.11928,1.1196,631
2020-01-06 22:15,1.1196,1.1196,1.11951,1.11955,154
2020-01-06 22:30,1.11955,1.11961,1.11951,1.11955,898
2020-01-06 22:45,1.11955,1.11959,1.11951,1.11955,661
2020-01-06 23:00,1.11955,1.11975,1.11955,1.11957,401
2020-01-06 23:15,1.11957,1.11957,1.11946,1.11951,712
2020-01-06 23:30,1.11951,1.11951,1.11941,1.11942,491
2020-01-06 23:45,1.11942,1.11963,1.11942,1.11954,447
2020-01-07 00:00,1.11953,1.11954,1.1193,1.11952,737
2020-01-07 00:15,1.11953,1.11953,1.11936,1.11937,431
2020-01-07 00:30,1.11936,1.11937,1.11915,1.11916,556
2020-01-07 00:45,1.11917,1.11926,1.11891,1.11897,1110
2020-01-07 01:00,1.11897,1.11921,1.11896,1.11918,627
2020-01-07 01:15,1.11918,1.1197,1.11918,1.11964,628
2020-01-07 01:30,1.11965,1.1197,1.11944,1.11968,855
2020-01-07 01:45,1.11969,1.11969,1.11933,1.11934,920
2020-01-07 02:00,1.11934,1.11934,1.11922,1.11926,761
2020-01-07 02:15,1.11927,1.11934,1.11915,1.11918,695
2020-01-07 02:30,1.11917,1.11923,1.11909,1.11912,432
2020-01-07 02:45,1.11912,1.11919,1.11912,1.11913,447
2020-01-07 03:00,1.11914,1.11942,1.11912,1.11939,792
2020-01-07 03:15,1.11939,1.11943,1.11927,1.1193,640
2020-01-07 03:30,1.1193,1.11943,1.11927,1.11929,482
2020-01-07 03:45,1.11929,1.11934,1.1192,1.11922,367
2020-01-07 04:00,1.11921,1.11931,1.11911,1.11923,756
2020-01-07 04:15,1.11925,1.11934,1.11925,1.1193,558
2020-01-07 04:30,1.11929,1.11931,1.11919,1.11928,395
2020-01-07 04:45,1.11928,1.11933,1.11905,1.11909,474
2020-01-07 05:00,1.11908,1.11924,1.11902,1.11919,471
2020-01-07 05:15,1.11919,1.1192,1.11908,1.11914,423
2020-01-07 05:30,1.11915,1.11919,1.11908,1.11908,328
2020-01-07 05:45,1.11907,1.11907,1.11828,1.1183,1400
2020-01-07 06:00,1.11829,1.11886,1.11809,1.11873,2190
2020-01-07 06:15,1.11872,1.11881,1.11832,1.11852,1230
2020-01-07 06:30,1.11853,1.11897,1.11852,1.11877,1084
2020-01-07 06:45,1.11876,1.11893,1.11809,1.11816,1705
2020-01-07 07:00,1.11815,1.11854,1.11782,1.11841,2339
2020-01-07 07:15,1.1184,1.11852,1.11811,1.11815,1696
2020-01-07 07:30,1.11814,1.11817,1.11731,1.11773,2775
2020-01-07 07:45,1.11772,1.11787,1.11729,1.1174,1871
2020-01-07 08:00,1.1174,1.11781,1.11726,1.11754,3096
2020-01-07 08:15,1.11754,1.11809,1.11737,1.11806,2359
2020-01-07 08:30,1.11805,1.11875,1.11802,1.11835,2698
2020-01-07 08:45,1.11834,1.11866,1.11823,1.11847,2234
2020-01-07 09:00,1.11846,1.11896,1.11839,1.11855,2376
2020-01-07 09:15,1.11854,1.11866,1.11809,1.11829,1950
2020-01-07 09:30,1.11829,1.11844,1.11811,1.11827,1878
2020-01-07 09:45,1.11827,1.11849,1.11805,1.11845,1780
2020-01-07 10:00,1.11846,1.11862,1.11809,1.11836,2338
2020-01-07 10:15,1.11837,1.11856,1.11648,1.11662,3610
2020-01-07 10:30,1.11664,1.11738,1.11661,1.11734,2359
2020-01-07 10:45,1.11736,1.11766,1.11717,1.11762,1603
2020-01-07 11:00,1.11762,1.11775,1.1172,1.11744,2327
2020-01-07 11:15,1.11744,1.11794,1.11735,1.11787,2495
2020-01-07 11:30,1.11788,1.11817,1.11763,1.11811,1770
2020-01-07 11:45,1.11811,1.11849,1.11777,1.11816,3283
2020-01-07 12:00,1.11817,1.11831,1.11786,1.11811,2741
2020-01-07 12:15,1.1181,1.1181,1.11771,1.11795,1958
2020-01-07 12:30,1.11796,1.11805,1.11772,1.1179,1860
2020-01-07 12:45,1.1179,1.11798,1.11708,1.11748,2537
2020-01-07 13:00,1.11746,1.11778,1.11705,1.11719,3460
2020-01-07 13:15,1.11718,1.11757,1.11677,1.11737,2722
2020-01-07 13:30,1.11736,1.11738,1.11661,1.11679,3369
2020-01-07 13:45,1.1168,1.11697,1.11548,1.11561,3304
2020-01-07 14:00,1.1156,1.1161,1.1155,1.116,2862
2020-01-07 14:15,1.11601,1.11622,1.11565,1.11577,2607
2020-01-07 14:30,1.11576,1.11599,1.11491,1.1156,3690
2020-01-07 14:45,1.11561,1.11561,1.11465,1.11478,3531
2020-01-07 15:00,1.11476,1.11516,1.11415,1.1151,4217
2020-01-07 15:15,1.1151,1.1151,1.11376,1.11399,3950
2020-01-07 15:30,1.11398,1.11426,1.11351,1.11352,3606
2020-01-07 15:45,1.11352,1.11419,1.11342,1.11417,3098
2020-01-07 16:00,1.11417,1.11439,1.11367,1.11378,2768
2020-01-07 16:15,1.11379,1.11384,1.11335,1.11384,2060
2020-01-07 16:30,1.11383,1.11394,1.11342,1.11368,1900
2020-01-07 16:45,1.11369,1.11387,1.11357,1.11369,1741
2020-01-07 17:00,1.11369,1.11419,1.11366,1.11419,1868
2020-01-07 17:15,1.11417,1.11461,1.11413,1.1144,1666
2020-01-07 17:30,1.11442,1.11473,1.11425,1.11463,1574
2020-01-07 17:45,1.11462,1.1147,1.11416,1.11424,1601
2020-01-07 18:00,1.11425,1.11446,1.11414,1.11434,1159
2020-01-07 18:15,1.11436,1.11495,1.11436,1.11489,1353
2020-01-07 18:30,1.11489,1.11492,1.11442,1.11449,930
2020-01-07 18:45,1.11449,1.11465,1.11433,1.11434,759
2020-01-07 19:00,1.11435,1.11442,1.11417,1.1143,1221
2020-01-07 19:15,1.11431,1.11441,1.11422,1.11433,1068
2020-01-07 19:30,1.11432,1.11443,1.1142,1.11436,916
2020-01-07 19:45,1.11434,1.1145,1.11429,1.11445,1442
2020-01-07 20:00,1.11446,1.11477,1.11446,1.11459,1019
2020-01-07 20:15,1.11459,1.11471,1.11453,1.11464,742
2020-01-07 20:30,1.11464,1.11464,1.11432,1.11435,1834
2020-01-07 20:45,1.11436,1.11438,1.11423,1.11438,796
2020-01-07 21:00,1.11439,1.11463,1.11437,1.11459,451
2020-01-07 21:15,1.11459,1.11465,1.11452,1.11457,257
2020-01-07 21:30,1.11456,1.11485,1.11456,1.11458,511
2020-01-07 21:45,1.11457,1.11536,1.11452,1.11526,1063
2020-01-07 22:00,1.11529,1.11536,1.11476,1.11479,316
2020-01-07 22:15,1.11492,1.11516,1.11482,1.11488,495
2020-01-07 22:30,1.11488,1.11488,1.11452,1.11474,276
2020-01-07 22:45,1.11479,1.11494,1.11447,1.11477,505
2020-01-07 23:00,1.11473,1.11502,1.11462,1.11487,575
2020-01-07 23:15,1.11488,1.1154,1.11484,1.11523,1148
2020-01-07 23:30,1.11523,1.11523,1.11487,1.11494,1879
2020-01-07 23:45,1.11493,1.11544,1.11475,1.1154,1889
2020-01-08 00:00,1.11539,1.11682,1.11525,1.11671,3345
2020-01-08 00:15,1.1167,1.1167,1.11599,1.11623,3397
2020-01-08 00:30,1.11624,1.11654,1.11602,1.11604,2870
2020-01-08 00:45,1.11604,1.11624,1.11585,1.11586,2444
2020-01-08 01:00,1.11585,1.11632,1.11585,1.1161,3065
2020-01-08 01:15,1.11609,1.11621,1.11584,1.11591,1676
2020-01-08 01:30,1.11591,1.11626,1.11565,1.11566,2220
2020-01-08 01:45,1.11565,1.11587,1.11548,1.11557,2279
2020-01-08 02:00,1.11557,1.11567,1.11539,1.11547,2211
2020-01-08 02:15,1.11548,1.1157,1.11541,1.11553,885
2020-01-08 02:30,1.11551,1.11552,1.11531,1.11534,2053
2020-01-08 02:45,1.11534,1.11613,1.11531,1.11586,2135
2020-01-08 03:00,1.11587,1.11591,1.11565,1.11571,1176
2020-01-08 03:15,1.11573,1.11586,1.11563,1.11571,1488
2020-01-08 03:30,1.11571,1.11581,1.1155,1.11553,1034
2020-01-08 03:45,1.11554,1.11556,1.11536,1.11546,657
2020-01-08 04:00,1.11545,1.11557,1.1154,1.11551,550
2020-01-08 04:15,1.11552,1.11556,1.11504,1.11504,701
2020-01-08 04:30,1.11505,1.11505,1.11474,1.11478,876
2020-01-08 04:45,1.1148,1.11482,1.1145,1.11476,1025
2020-01-08 05:00,1.11478,1.11492,1.11476,1.11476,1193
2020-01-08 05:15,1.11475,1.11498,1.11473,1.11494,730
2020-01-08 05:30,1.11493,1.11513,1.11493,1.11501,739
2020-01-08 05:45,1.115,1.11501,1.1148,1.11492,908
2020-01-08 06:00,1.11491,1.1151,1.11484,1.1149,919
2020-01-08 06:15,1.1149,1.11539,1.11484,1.1153,990
2020-01-08 06:30,1.1153,1.11533,1.11507,1.11521,821
2020-01-08 06:45,1.11522,1.11533,1.11486,1.115,1192
2020-01-08 07:00,1.11501,1.11548,1.11457,1.11479,2558
2020-01-08 07:15,1.11481,1.11508,1.11447,1.11452,2112
2020-01-08 07:30,1.11451,1.11517,1.11432,1.11507,2843
2020-01-08 07:45,1.11508,1.11549,1.11504,1.11511,2321
2020-01-08 08:00,1.11513,1.11533,1.11315,1.11428,3982
2020-01-08 08:15,1.11427,1.1144,1.11312,1.11374,5521
2020-01-08 08:30,1.11374,1.11374,1.11301,1.11353,3707
2020-01-08 08:45,1.11354,1.11374,1.11337,1.11348,2640
2020-01-08 09:00,1.11349,1.11355,1.11253,1.11267,2978
2020-01-08 09:15,1.11267,1.11353,1.11267,1.11352,2172
2020-01-08 09:30,1.11352,1.11447,1.11342,1.11416,2526
2020-01-08 09:45,1.11416,1.11423,1.1138,1.11383,3957
2020-01-08 10:00,1.11382,1.11385,1.11324,1.1134,3259
2020-01-08 10:15,1.11339,1.11348,1.113,1.11309,2241
2020-01-08 10:30,1.11308,1.11328,1.11277,1.11328,1855
2020-01-08 10:45,1.11327,1.11328,1.11254,1.11273,2897
2020-01-08 11:00,1.11274,1.11309,1.11269,1.11282,1775
2020-01-08 11:15,1.11282,1.11299,1.11196,1.11286,3084
2020-01-08 11:30,1.11286,1.11305,1.11248,1.11287,2652
2020-01-08 11:45,1.11287,1.11311,1.11247,1.11271,5514
2020-01-08 12:00,1.11271,1.11307,1.1125,1.11292,2596
2020-01-08 12:15,1.11292,1.11304,1.11219,1.11247,2209
2020-01-08 12:30,1.11248,1.11262,1.11218,1.11226,3186
2020-01-08 12:45,1.11225,1.11244,1.11139,1.11167,3533
2020-01-08 13:00,1.11166,1.11194,1.11123,1.11155,3286
2020-01-08 13:15,1.11155,1.11179,1.11111,1.11147,4545
2020-01-08 13:30,1.11147,1.11198,1.11145,1.1116,4031
2020-01-08 13:45,1.11163,1.11224,1.11156,1.11199,1951
2020-01-08 14:00,1.112,1.11227,1.11176,1.11214,3079
2020-01-08 14:15,1.11214,1.11249,1.112,1.11247,1882
2020-01-08 14:30,1.11248,1.11269,1.11176,1.11184,3616
2020-01-08 14:45,1.11185,1.11254,1.11176,1.11245,2408
2020-01-08 15:00,1.11244,1.11308,1.11225,1.11301,2378
2020-01-08 15:15,1.11301,1.11306,1.11222,1.11238,2448
2020-01-08 15:30,1.11237,1.11238,1.11158,1.11224,3225
2020-01-08 15:45,1.11223,1.11226,1.11153,1.11198,3232
2020-01-08 16:00,1.11197,1.11201,1.11112,1.11138,2292
2020-01-08 16:15,1.11139,1.1115,1.11087,1.11123,2288
2020-01-08 16:30,1.11123,1.11169,1.11102,1.11163,4994
2020-01-08 16:45,1.11164,1.11179,1.11102,1.11164,3913
2020-01-08 17:00,1.11163,1.11259,1.11155,1.11219,3606
2020-01-08 17:15,1.11219,1.11233,1.11188,1.11207,2738
2020-01-08 17:30,1.11208,1.11216,1.11135,1.11145,2325
2020-01-08 17:45,1.11144,1.11183,1.11131,1.1118,2225
2020-01-08 18:00,1.1118,1.1118,1.11104,1.11126,2328
2020-01-08 18:15,1.11126,1.11148,1.11111,1.11147,1608
2020-01-08 18:30,1.11146,1.11158,1.11131,1.11141,1034
2020-01-08 18:45,1.11141,1.11146,1.11106,1.11131,842
2020-01-08 19:00,1.11133,1.1114,1.11101,1.11108,963
2020-01-08 19:15,1.11108,1.11111,1.11081,1.11102,925
2020-01-08 19:30,1.11105,1.11119,1.11099,1.11103,1009
2020-01-08 19:45,1.11103,1.11129,1.11098,1.11112,1017
2020-01-08 20:00,1.11113,1.11118,1.11097,1.11108,1022
2020-01-08 20:15,1.11109,1.11119,1.11104,1.11114,574
2020-01-08 20:30,1.11114,1.11119,1.11103,1.11108,574
2020-01-08 20:45,1.11108,1.11148,1.11106,1.11118,2803
2020-01-08 21:00,1.11119,1.11127,1.11081,1.11081,706
2020-01-08 21:15,1.11084,1.111,1.11084,1.11093,288
2020-01-08 21:30,1.11092,1.11094,1.11083,1.11085,267
2020-01-08 21:45,1.11085,1.11086,1.11016,1.11053,680
2020-01-08 22:00,1.11053,1.11077,1.11033,1.11068,291
2020-01-08 22:15,1.11068,1.11146,1.11068,1.11105,308
2020-01-08 22:30,1.11104,1.11105,1.11088,1.111,141
2020-01-08 22:45,1.111,1.11131,1.11089,1.11097,311
2020-01-08 23:00,1.11098,1.11098,1.11071,1.11083,283
2020-01-08 23:15,1.11085,1.11104,1.11081,1.11102,297
2020-01-08 23:30,1.11102,1.11115,1.11097,1.11109,404
2020-01-08 23:45,1.11109,1.1113,1.11109,1.11129,414
2020-01-09 00:00,1.1113,1.11144,1.11091,1.11117,1488
2020-01-09 00:15,1.11117,1.11134,1.11101,1.11134,910
2020-01-09 00:30,1.11133,1.11159,1.11133,1.11143,1442
2020-01-09 00:45,1.11144,1.11144,1.11122,1.11134,1302
2020-01-09 01:00,1.11135,1.11149,1.11128,1.11137,920
2020-01-09 01:15,1.11138,1.1114,1.1111,1.11133,902
2020-01-09 01:30,1.11132,1.11185,1.11131,1.11184,1441
2020-01-09 01:45,1.11184,1.11195,1.11171,1.11174,1212
2020-01-09 02:00,1.11173,1.1119,1.11172,1.11188,865
2020-01-09 02:15,1.11189,1.11189,1.11153,1.1116,796
2020-01-09 02:30,1.11161,1.11174,1.11152,1.11154,472
2020-01-09 02:45,1.11155,1.11159,1.11145,1.11152,723
2020-01-09 03:00,1.11152,1.11153,1.11141,1.11153,537
2020-01-09 03:15,1.11152,1.11163,1.11152,1.11159,600
2020-01-09 03:30,1.1116,1.11175,1.11159,1.11174,474
2020-01-09 03:45,1.11174,1.11179,1.11152,1.11152,763
2020-01-09 04:00,1.11153,1.11157,1.1113,1.11132,600
2020-01-09 04:15,1.11132,1.11138,1.11127,1.11137,367
2020-01-09 04:30,1.11138,1.11158,1.11133,1.11158,859
2020-01-09 04:45,1.11158,1.11158,1.11143,1.11154,363
2020-01-09 05:00,1.11154,1.11158,1.11151,1.11153,403
2020-01-09 05:15,1.11153,1.11172,1.11152,1.11168,553
2020-01-09 05:30,1.11169,1.11175,1.11162,1.11162,426
2020-01-09 05:45,1.11163,1.11189,1.11161,1.11182,673
2020-01-09 06:00,1.11182,1.1119,1.11162,1.11166,929
2020-01-09 06:15,1.11166,1.11169,1.11147,1.11148,623
2020-01-09 06:30,1.11147,1.11157,1.11113,1.11121,1211
2020-01-09 06:45,1.1112,1.11153,1.11111,1.11123,1599
2020-01-09 07:00,1.11123,1.11149,1.1111,1.11132,1918
2020-01-09 07:15,1.11132,1.11164,1.11125,1.11156,1563
2020-01-09 07:30,1.11156,1.11199,1.11147,1.11191,2071
2020-01-09 07:45,1.1119,1.11204,1.11131,1.11152,2259
2020-01-09 08:00,1.11152,1.11162,1.11051,1.11071,3030
2020-01-09 08:15,1.11072,1.11117,1.11067,1.11117,2466
2020-01-09 08:30,1.11117,1.11159,1.11105,1.11157,2081
2020-01-09 08:45,1.11156,1.11177,1.11136,1.11172,2102
2020-01-09 09:00,1.11172,1.1119,1.11128,1.11145,2477
2020-01-09 09:15,1.11144,1.11144,1.11103,1.11105,2250
2020-01-09 09:30,1.11104,1.11111,1.11021,1.11039,2816
2020-01-09 09:45,1.11037,1.11066,1.10984,1.10995,4391
2020-01-09 10:00,1.10994,1.11021,1.10966,1.11014,2527
2020-01-09 10:15,1.11013,1.11039,1.10996,1.11037,1690
2020-01-09 10:30,1.11038,1.11118,1.1103,1.11108,1834
2020-01-09 10:45,1.11108,1.11114,1.11083,1.11096,1651
2020-01-09 11:00,1.11096,1.11126,1.11095,1.11114,1330
2020-01-09 11:15,1.11115,1.11116,1.11084,1.111,1884
2020-01-09 11:30,1.11101,1.11107,1.11039,1.11039,1332
2020-01-09 11:45,1.11038,1.11099,1.11034,1.11046,1609
2020-01-09 12:00,1.11045,1.11126,1.11033,1.1112,1807
2020-01-09 12:15,1.1112,1.11128,1.11093,1.1111,2224
2020-01-09 12:30,1.1111,1.11167,1.1111,1.11119,2133
2020-01-09 12:45,1.11119,1.11157,1.11106,1.11135,2511
2020-01-09 13:00,1.11135,1.11143,1.11074,1.11094,2750
2020-01-09 13:15,1.11094,1.11121,1.11058,1.11116,2397
2020-01-09 13:30,1.11115,1.11141,1.1111,1.11137,1672
2020-01-09 13:45,1.11138,1.11173,1.11118,1.11148,2633
2020-01-09 14:00,1.11149,1.11149,1.11081,1.11101,3640
2020-01-09 14:15,1.11101,1.11101,1.11038,1.11063,2446
2020-01-09 14:30,1.11062,1.11088,1.11046,1.11082,2588
2020-01-09 14:45,1.11082,1.11101,1.11074,1.11082,2241
2020-01-09 15:00,1.11082,1.11107,1.11058,1.11105,2107
2020-01-09 15:15,1.11105,1.11107,1.11024,1.11063,2275
2020-01-09 15:30,1.11062,1.11063,1.10924,1.11002,2876
2020-01-09 15:45,1.11003,1.11035,1.10944,1.11022,3916
2020-01-09 16:00,1.11021,1.11023,1.10947,1.10965,3902
2020-01-09 16:15,1.10965,1.1098,1.10935,1.1098,3986
2020-01-09 16:30,1.1098,1.11032,1.10976,1.11026,1917
2020-01-09 16:45,1.11026,1.11061,1.11016,1.1106,1809
2020-01-09 17:00,1.11059,1.11081,1.11037,1.1108,3363
2020-01-09 17:15,1.11081,1.11097,1.11048,1.11091,1685
2020-01-09 17:30,1.11092,1.11113,1.11058,1.11058,1615
2020-01-09 17:45,1.11058,1.11076,1.11046,1.11046,1170
2020-01-09 18:00,1.11046,1.1106,1.11033,1.11053,1530
2020-01-09 18:15,1.11053,1.11086,1.1105,1.11071,1765
2020-01-09 18:30,1.11072,1.11082,1.11045,1.11067,2219
2020-01-09 18:45,1.11067,1.11079,1.1105,1.1105,886
2020-01-09 19:00,1.11051,1.11088,1.11049,1.11085,1023
2020-01-09 19:15,1.11085,1.11098,1.11081,1.11088,674
2020-01-09 19:30,1.11089,1.11093,1.11072,1.11081,1022
2020-01-09 19:45,1.1108,1.11087,1.11059,1.11061,677
2020-01-09 20:00,1.1106,1.11073,1.1105,1.11061,792
2020-01-09 20:15,1.11062,1.11072,1.11054,1.11055,690
2020-01-09 20:30,1.11055,1.11064,1.11044,1.11048,709
2020-01-09 20:45,1.11047,1.11065,1.11038,1.11062,988
2020-01-09 21:00,1.11062,1.11068,1.11044,1.1105,439
2020-01-09 21:15,1.1105,1.1105,1.11034,1.11038,364
2020-01-09 21:30,1.11038,1.11056,1.11038,1.11055,259
2020-01-09 21:45,1.11054,1.11069,1.11047,1.11051,406
2020-01-09 22:00,1.11051,1.1106,1.11028,1.1105,357
2020-01-09 22:15,1.1105,1.11066,1.11048,1.1105,129
2020-01-09 22:30,1.1105,1.11055,1.11045,1.11052,419
2020-01-09 22:45,1.11053,1.11066,1.11052,1.11065,115
2020-01-09 23:00,1.11065,1.11075,1.11063,1.11074,286
2020-01-09 23:15,1.11075,1.11076,1.11065,1.1107,172
2020-01-09 23:30,1.11069,1.11075,1.11063,1.11069,290
2020-01-09 23:45,1.11069,1.11093,1.11068,1.11093,239
2020-01-10 00:00,1.11092,1.11094,1.11067,1.11068,632
2020-01-10 00:15,1.11071,1.11073,1.11066,1.11072,373
2020-01-10 00:30,1.11072,1.11091,1.11063,1.11063,834
2020-01-10 00:45,1.11065,1.11079,1.1106,1.11069,767
2020-01-10 01:00,1.11069,1.11073,1.11059,1.11061,610
2020-01-10 01:15,1.11061,1.1107,1.11056,1.11062,454
2020-01-10 01:30,1.11063,1.11073,1.11046,1.11048,484
2020-01-10 01:45,1.11047,1.1105,1.1102,1.11042,866
2020-01-10 02:00,1.11041,1.11053,1.11037,1.11049,534
2020-01-10 02:15,1.11048,1.11051,1.11036,1.11043,997
2020-01-10 02:30,1.11043,1.11051,1.11036,1.11047,642
2020-01-10 02:45,1.11046,1.11083,1.11046,1.11079,470
2020-01-10 03:00,1.1108,1.11081,1.11071,1.11074,400
2020-01-10 03:15,1.11075,1.11087,1.11072,1.11072,452
2020-01-10 03:30,1.11073,1.11084,1.11071,1.11076,355
2020-01-10 03:45,1.11076,1.11083,1.11074,1.11081,481
2020-01-10 04:00,1.11081,1.11082,1.11064,1.11082,511
2020-01-10 04:15,1.11082,1.1109,1.11071,1.11086,583
2020-01-10 04:30,1.11086,1.11111,1.11078,1.11081,373
2020-01-10 04:45,1.1108,1.11081,1.11068,1.11074,330
2020-01-10 05:00,1.11074,1.11081,1.1107,1.11079,449
2020-01-10 05:15,1.11079,1.11091,1.11076,1.1109,355
2020-01-10 05:30,1.11091,1.11096,1.11079,1.11091,541
2020-01-10 05:45,1.1109,1.111,1.11084,1.11089,494
2020-01-10 06:00,1.1109,1.11099,1.11087,1.11094,559
2020-01-10 06:15,1.11094,1.11101,1.11074,1.11083,732
2020-01-10 06:30,1.11083,1.11083,1.11068,1.11075,457
2020-01-10 06:45,1.11075,1.11091,1.1107,1.11091,664
2020-01-10 07:00,1.11092,1.1111,1.1108,1.11096,1367
2020-01-10 07:15,1.11092,1.11092,1.1108,1.11089,932
2020-01-10 07:30,1.11089,1.11089,1.11045,1.11056,1662
2020-01-10 07:45,1.11057,1.11073,1.11042,1.1107,1291
2020-01-10 08:00,1.11069,1.11092,1.11047,1.1108,2076
2020-01-10 08:15,1.1108,1.11084,1.11011,1.11016,1685
2020-01-10 08:30,1.11017,1.11019,1.10932,1.10942,2593
2020-01-10 08:45,1.10942,1.10999,1.10935,1.10993,2115
2020-01-10 09:00,1.10994,1.10994,1.10934,1.10956,1960
2020-01-10 09:15,1.10956,1.1097,1.10912,1.10945,2282
2020-01-10 09:30,1.10945,1.1096,1.10938,1.10944,2485
2020-01-10 09:45,1.10945,1.11,1.10944,1.10963,2672
2020-01-10 10:00,1.10963,1.1098,1.1095,1.10971,1605
2020-01-10 10:15,1.10969,1.10984,1.10954,1.10972,1805
2020-01-10 10:30,1.10972,1.10972,1.10909,1.10937,1953
2020-01-10 10:45,1.10938,1.10946,1.10902,1.10926,1910
2020-01-10 11:00,1.10926,1.10926,1.1085,1.10879,1889
2020-01-10 11:15,1.10879,1.10923,1.10868,1.1092,1350
2020-01-10 11:30,1.10923,1.10962,1.10922,1.10926,1419
2020-01-10 11:45,1.10927,1.10948,1.10915,1.1093,1217
2020-01-10 12:00,1.10929,1.10947,1.10916,1.10942,1872
2020-01-10 12:15,1.10942,1.10954,1.10926,1.10952,1170
2020-01-10 12:30,1.10953,1.10971,1.1095,1.10961,1123
2020-01-10 12:45,1.1096,1.10994,1.10947,1.10984,1547
2020-01-10 13:00,1.10984,1.10996,1.10898,1.10911,2360
2020-01-10 13:15,1.10911,1.10951,1.10898,1.10921,2506
2020-01-10 13:30,1.10926,1.11136,1.10925,1.1107,5987
2020-01-10 13:45,1.11069,1.11098,1.10947,1.10966,4139
2020-01-10 14:00,1.10967,1.1099,1.10919,1.10946,4030
2020-01-10 14:15,1.10945,1.10987,1.10862,1.10963,3906
2020-01-10 14:30,1.10963,1.11007,1.10941,1.10994,3550
2020-01-10 14:45,1.10994,1.11034,1.10927,1.11007,2703
2020-01-10 15:00,1.11006,1.11093,1.10983,1.11067,3390
2020-01-10 15:15,1.11067,1.11117,1.11045,1.11083,2617
2020-01-10 15:30,1.11082,1.11163,1.11077,1.11124,3140
2020-01-10 15:45,1.11125,1.11179,1.11123,1.11128,4039
2020-01-10 16:00,1.11128,1.11144,1.11111,1.11134,2546
2020-01-10 16:15,1.11134,1.11182,1.1113,1.11155,2314
2020-01-10 16:30,1.11155,1.11205,1.11136,1.1115,2275
2020-01-10 16:45,1.11151,1.11192,1.11149,1.1118,1419
2020-01-10 17:00,1.11179,1.11243,1.11179,1.1124,2086
2020-01-10 17:15,1.1124,1.11291,1.11239,1.11258,1939
2020-01-10 17:30,1.11259,1.11265,1.11213,1.1122,1597
2020-01-10 17:45,1.1122,1.11228,1.11205,1.11224,1198
2020-01-10 18:00,1.11223,1.11232,1.11193,1.11214,1121
2020-01-10 18:15,1.11213,1.11213,1.11192,1.11206,1885
2020-01-10 18:30,1.11206,1.11214,1.11193,1.11199,687
2020-01-10 18:45,1.11199,1.11214,1.11183,1.11184,634
2020-01-10 19:00,1.11186,1.11205,1.11171,1.11192,961
2020-01-10 19:15,1.11193,1.11212,1.11185,1.11208,793
2020-01-10 19:30,1.11211,1.11223,1.11206,1.11218,759
2020-01-10 19:45,1.11219,1.11232,1.11212,1.1122,664
2020-01-10 20:00,1.11221,1.11221,1.11194,1.11207,708
2020-01-10 20:15,1.11207,1.1122,1.112,1.112,445
2020-01-10 20:30,1.11201,1.11219,1.11198,1.1121,493
2020-01-10 20:45,1.1121,1.11214,1.11198,1.1121,662
2020-01-10 21:00,1.1121,1.11225,1.11204,1.11205,537
2020-01-10 21:15,1.11204,1.11213,1.11198,1.11198,316
2020-01-10 21:30,1.11199,1.1122,1.11198,1.11219,210
2020-01-10 21:45,1.11219,1.11223,1.11165,1.11165,782
2020-01-12 22:00,1.11141,1.11209,1.11141,1.11203,154
2020-01-12 22:15,1.11203,1.11203,1.11193,1.11196,73
2020-01-12 22:30,1.11195,1.11196,1.11128,1.11161,199
2020-01-12 22:45,1.11161,1.11168,1.11131,1.11166,223
2020-01-12 23:00,1.11166,1.11182,1.11146,1.11182,462
2020-01-12 23:15,1.1118,1.1118,1.11156,1.1116,327
2020-01-12 23:30,1.1116,1.11161,1.11151,1.11157,179
2020-01-12 23:45,1.11157,1.11167,1.11156,1.11161,282
2020-01-13 00:00,1.11161,1.11183,1.1116,1.11182,311
2020-01-13 00:15,1.11182,1.11187,1.1116,1.11163,524
2020-01-13 00:30,1.11163,1.11174,1.11159,1.11166,386
2020-01-13 00:45,1.11167,1.11187,1.11166,1.11187,282
2020-01-13 01:00,1.11186,1.11192,1.11172,1.11189,682
2020-01-13 01:15,1.11189,1.112,1.1118,1.11197,489
2020-01-13 01:30,1.11197,1.11202,1.11188,1.11198,543
2020-01-13 01:45,1.11197,1.11214,1.11196,1.11213,382
2020-01-13 02:00,1.11213,1.11215,1.11205,1.11208,713
2020-01-13 02:15,1.11207,1.11208,1.112,1.11207,455
2020-01-13 02:30,1.11208,1.11233,1.11205,1.11233,351
2020-01-13 02:45,1.11233,1.11261,1.11227,1.11258,635
2020-01-13 03:00,1.11257,1.11285,1.11252,1.11283,1029
2020-01-13 03:15,1.11284,1.11284,1.11257,1.11264,629
2020-01-13 03:30,1.11264,1.11281,1.11263,1.11276,553
2020-01-13 03:45,1.11276,1.11299,1.11276,1.11293,535
2020-01-13 04:00,1.11292,1.11292,1.11274,1.11283,277
2020-01-13 04:15,1.11283,1.11306,1.11281,1.11292,594
2020-01-13 04:30,1.11293,1.11303,1.11292,1.11293,208
2020-01-13 04:45,1.11292,1.113,1.11272,1.11272,293
2020-01-13 05:00,1.11272,1.113,1.11271,1.11293,451
2020-01-13 05:15,1.11294,1.113,1.11283,1.11289,408
2020-01-13 05:30,1.11287,1.11301,1.11286,1.11297,313
2020-01-13 05:45,1.11298,1.11318,1.11295,1.11297,570
2020-01-13 06:00,1.11296,1.11298,1.1125,1.11258,445
2020-01-13 06:15,1.11259,1.11294,1.11257,1.11292,873
2020-01-13 06:30,1.11293,1.11293,1.11277,1.11282,392
2020-01-13 06:45,1.11282,1.11302,1.11281,1.11287,516
2020-01-13 07:00,1.11287,1.11301,1.11259,1.1128,1425
2020-01-13 07:15,1.11278,1.11283,1.11246,1.11273,1107
2020-01-13 07:30,1.11272,1.11298,1.11259,1.11288,1581
2020-01-13 07:45,1.11289,1.113,1.1122,1.11227,1796
2020-01-13 08:00,1.11227,1.11286,1.11223,1.11242,8740
2020-01-13 08:15,1.1124,1.11252,1.112,1.11231,2916
2020-01-13 08:30,1.11232,1.11277,1.11214,1.11272,2351
2020-01-13 08:45,1.11271,1.11296,1.11244,1.1128,2007
2020-01-13 09:00,1.1128,1.11361,1.11244,1.11244,3560
2020-01-13 09:15,1.11244,1.11246,1.11195,1.11216,2617
2020-01-13 09:30,1.11216,1.11216,1.11171,1.11173,2279
2020-01-13 09:45,1.11173,1.112,1.11147,1.11151,1934
2020-01-13 10:00,1.11151,1.1119,1.11125,1.11171,1812
2020-01-13 10:15,1.1117,1.11195,1.11162,1.11174,1539
2020-01-13 10:30,1.11174,1.11188,1.11145,1.11169,1860
2020-01-13 10:45,1.11169,1.11181,1.1115,1.11167,1740
2020-01-13 11:00,1.11167,1.11222,1.11164,1.11211,1610
2020-01-13 11:15,1.11211,1.11212,1.11182,1.11195,1515
2020-01-13 11:30,1.11199,1.11205,1.11177,1.11189,1330
2020-01-13 11:45,1.11187,1.1124,1.11175,1.11204,1873
2020-01-13 12:00,1.11204,1.11221,1.11184,1.11214,1858
2020-01-13 12:15,1.11214,1.11258,1.11213,1.11254,1663
2020-01-13 12:30,1.11252,1.11262,1.1121,1.11216,1488
2020-01-13 12:45,1.11216,1.1126,1.11192,1.11246,1869
2020-01-13 13:00,1.11245,1.11284,1.11242,1.11263,1895
2020-01-13 13:15,1.11262,1.11271,1.11243,1.11246,1685
2020-01-13 13:30,1.11245,1.11249,1.11211,1.11231,1938
2020-01-13 13:45,1.1123,1.11241,1.11182,1.11186,2310
2020-01-13 14:00,1.11187,1.11218,1.11176,1.11208,2161
2020-01-13 14:15,1.11211,1.11227,1.11175,1.11204,2736
2020-01-13 14:30,1.11205,1.11267,1.11204,1.11211,3655
2020-01-13 14:45,1.11211,1.11247,1.112,1.1124,2959
2020-01-13 15:00,1.11239,1.11268,1.1121,1.11252,2656
2020-01-13 15:15,1.11253,1.11298,1.1123,1.11295,2532
2020-01-13 15:30,1.11295,1.11382,1.11293,1.11361,2716
2020-01-13 15:45,1.1136,1.11372,1.11325,1.11331,2322
2020-01-13 16:00,1.1133,1.11392,1.11325,1.11389,2008
2020-01-13 16:15,1.1139,1.11442,1.11355,1.11434,2361
2020-01-13 16:30,1.11434,1.11469,1.1137,1.11389,2318
2020-01-13 16:45,1.1139,1.11412,1.11372,1.11372,1351
2020-01-13 17:00,1.11372,1.11395,1.11366,1.11392,1295
2020-01-13 17:15,1.11393,1.11404,1.11383,1.11399,880
2020-01-13 17:30,1.11398,1.114,1.11355,1.11367,894
2020-01-13 17:45,1.11368,1.11418,1.11367,1.11397,959
2020-01-13 18:00,1.11397,1.11428,1.11384,1.11422,1090
2020-01-13 18:15,1.11422,1.11448,1.11412,1.11431,848
2020-01-13 18:30,1.11431,1.11431,1.11394,1.11401,941
2020-01-13 18:45,1.11403,1.11417,1.11394,1.11396,597
2020-01-13 19:00,1.11395,1.11414,1.11387,1.11402,1894
2020-01-13 19:15,1.11402,1.11403,1.11382,1.11391,608
2020-01-13 19:30,1.11392,1.11403,1.11385,1.11387,481
2020-01-13 19:45,1.11387,1.11407,1.11376,1.11382,754
2020-01-13 20:00,1.11381,1.11382,1.11369,1.11381,688
2020-01-13 20:15,1.11382,1.11386,1.11367,1.11376,769
2020-01-13 20:30,1.11376,1.11381,1.11361,1.11367,429
2020-01-13 20:45,1.11369,1.11382,1.11361,1.11375,600
2020-01-13 21:00,1.11376,1.11379,1.11357,1.11361,404
2020-01-13 21:15,1.11362,1.11363,1.11341,1.11361,409
2020-01-13 21:30,1.11362,1.11363,1.11338,1.11338,168
2020-01-13 21:45,1.11337,1.11356,1.11331,1.11338,482
2020-01-13 22:00,1.11338,1.1139,1.1132,1.11364,305
2020-01-13 22:15,1.11363,1.11384,1.11358,1.11376,548
2020-01-13 22:30,1.11374,1.11388,1.11357,1.11362,185
2020-01-13 22:45,1.11359,1.11368,1.11352,1.11353,99
2020-01-13 23:00,1.11355,1.11362,1.11354,1.11359,274
2020-01-13 23:15,1.11359,1.11364,1.11352,1.1136,289
2020-01-13 23:30,1.11359,1.11365,1.11358,1.11362,218
2020-01-13 23:45,1.11361,1.11363,1.11333,1.11344,424
2020-01-14 00:00,1.11344,1.11384,1.11339,1.11376,876
2020-01-14 00:15,1.11375,1.11396,1.11373,1.11388,482
2020-01-14 00:30,1.11388,1.11404,1.11388,1.11403,398
2020-01-14 00:45,1.11404,1.11421,1.1137,1.11383,958
2020-01-14 01:00,1.11384,1.11391,1.11363,1.11375,1197
2020-01-14 01:15,1.11375,1.11409,1.11347,1.11349,1525
2020-01-14 01:30,1.11351,1.11365,1.11324,1.11328,1249
2020-01-14 01:45,1.11329,1.11372,1.11312,1.11371,1293
2020-01-14 02:00,1.11372,1.11377,1.11353,1.11375,939
2020-01-14 02:15,1.11376,1.11384,1.11358,1.11364,574
2020-01-14 02:30,1.11364,1.11386,1.11364,1.11369,942
2020-01-14 02:45,1.11368,1.11379,1.11361,1.11372,776
2020-01-14 03:00,1.11373,1.11378,1.11352,1.11353,790
2020-01-14 03:15,1.11354,1.11387,1.11354,1.11374,766
2020-01-14 03:30,1.11373,1.11375,1.11354,1.11365,687
2020-01-14 03:45,1.11366,1.11377,1.11355,1.11355,716
2020-01-14 04:00,1.11356,1.11381,1.11355,1.11374,642
2020-01-14 04:15,1.11375,1.11378,1.11367,1.11371,324
2020-01-14 04:30,1.11371,1.11372,1.11357,1.11369,453
2020-01-14 04:45,1.11368,1.11374,1.11362,1.11364,396
2020-01-14 05:00,1.11365,1.11371,1.11359,1.11364,303
2020-01-14 05:15,1.11364,1.11375,1.11363,1.11363,387
2020-01-14 05:30,1.11361,1.11384,1.1136,1.11379,773
2020-01-14 05:45,1.11378,1.11382,1.11367,1.1137,589
2020-01-14 06:00,1.11369,1.1139,1.11348,1.11386,625
2020-01-14 06:15,1.11386,1.11416,1.11384,1.1141,756
2020-01-14 06:30,1.1141,1.11435,1.11391,1.11424,740
2020-01-14 06:45,1.11423,1.11444,1.11404,1.11444,1386
2020-01-14 07:00,1.11444,1.11444,1.11384,1.11399,1699
2020-01-14 07:15,1.11398,1.11437,1.11373,1.11436,1838
2020-01-14 07:30,1.11435,1.11435,1.11385,1.11389,1488
2020-01-14 07:45,1.11389,1.11427,1.11377,1.11423,1896
2020-01-14 08:00,1.11423,1.1144,1.1137,1.11376,2493
2020-01-14 08:15,1.11375,1.11409,1.11353,1.1137,2288
2020-01-14 08:30,1.11369,1.11415,1.11349,1.11398,2348
2020-01-14 08:45,1.11397,1.11405,1.11333,1.11352,2404
2020-01-14 09:00,1.11351,1.11354,1.11304,1.11319,2112
2020-01-14 09:15,1.1132,1.11356,1.11319,1.11345,1486
2020-01-14 09:30,1.11344,1.11349,1.11303,1.11312,1662
2020-01-14 09:45,1.11311,1.11342,1.11305,1.11313,1691
2020-01-14 10:00,1.11313,1.11328,1.11304,1.11308,1260
2020-01-14 10:15,1.11308,1.11321,1.11284,1.11314,1414
2020-01-14 10:30,1.11315,1.11329,1.11312,1.11319,1297
2020-01-14 10:45,1.11319,1.11354,1.11319,1.11339,1396
2020-01-14 11:00,1.11338,1.11345,1.11289,1.11309,1943
2020-01-14 11:15,1.11308,1.11332,1.1129,1.11291,2049
2020-01-14 11:30,1.11292,1.11326,1.11264,1.11318,2111
2020-01-14 11:45,1.11317,1.11324,1.11263,1.11303,2483
2020-01-14 12:00,1.11303,1.11303,1.11223,1.11223,2626
2020-01-14 12:15,1.11223,1.11241,1.11194,1.11236,2020
2020-01-14 12:30,1.11236,1.11239,1.11203,1.11236,1578
2020-01-14 12:45,1.11236,1.11245,1.11194,1.11207,2183
2020-01-14 13:00,1.11206,1.11208,1.11133,1.11149,2568
2020-01-14 13:15,1.11147,1.11148,1.11055,1.11097,4004
2020-01-14 13:30,1.11097,1.11159,1.11051,1.11102,4918
2020-01-14 13:45,1.11101,1.11114,1.11066,1.11102,2822
2020-01-14 14:00,1.11102,1.11132,1.11045,1.11062,4124
2020-01-14 14:15,1.11061,1.11127,1.11048,1.11126,3071
2020-01-14 14:30,1.11126,1.11172,1.11122,1.11165,3620
2020-01-14 14:45,1.11164,1.11234,1.11156,1.11216,3110
2020-01-14 15:00,1.11216,1.11223,1.11185,1.11194,2740
2020-01-14 15:15,1.11193,1.11202,1.11159,1.1118,4673
2020-01-14 15:30,1.11181,1.11232,1.11138,1.11171,2923
2020-01-14 15:45,1.11171,1.11227,1.11148,1.11221,2947
2020-01-14 16:00,1.11222,1.11283,1.11202,1.11263,3037
2020-01-14 16:15,1.11262,1.11264,1.11229,1.11242,1739
2020-01-14 16:30,1.11241,1.11293,1.11238,1.11291,1607
2020-01-14 16:45,1.11292,1.11304,1.11279,1.11295,1299
2020-01-14 17:00,1.11295,1.11318,1.11273,1.1131,1335
2020-01-14 17:15,1.1131,1.11327,1.11299,1.11316,890
2020-01-14 17:30,1.11316,1.11321,1.11296,1.11304,717
2020-01-14 17:45,1.11304,1.11325,1.11297,1.1131,1647
2020-01-14 18:00,1.1131,1.11327,1.11307,1.11317,1034
2020-01-14 18:15,1.11316,1.11319,1.11298,1.1131,1057
2020-01-14 18:30,1.1131,1.11348,1.11309,1.11321,1902
2020-01-14 18:45,1.1132,1.11333,1.11305,1.11314,1140
2020-01-14 19:00,1.11313,1.11329,1.11303,1.11316,1040
2020-01-14 19:15,1.11317,1.11325,1.11308,1.11321,899
2020-01-14 19:30,1.1132,1.1132,1.11298,1.11302,746
2020-01-14 19:45,1.11303,1.11305,1.11279,1.1128,980
2020-01-14 20:00,1.11279,1.11291,1.1127,1.11282,792
2020-01-14 20:15,1.11282,1.11298,1.1128,1.11297,737
2020-01-14 20:30,1.11296,1.11297,1.11289,1.11291,475
2020-01-14 20:45,1.11291,1.11302,1.11277,1.11283,1504
2020-01-14 21:00,1.11283,1.11283,1.11269,1.11274,625
2020-01-14 21:15,1.11274,1.11274,1.1125,1.11255,519
2020-01-14 21:30,1.11254,1.11264,1.11246,1.11264,253
2020-01-14 21:45,1.11264,1.11284,1.11256,1.11274,281
2020-01-14 22:00,1.11284,1.11287,1.11259,1.1127,240
2020-01-14 22:15,1.11269,1.11271,1.11264,1.11267,257
2020-01-14 22:30,1.11267,1.11272,1.1126,1.11264,274
2020-01-14 22:45,1.11262,1.11268,1.11262,1.11262,137
2020-01-14 23:00,1.11262,1.11278,1.11262,1.11274,194
2020-01-14 23:15,1.11274,1.1128,1.11272,1.11274,252
2020-01-14 23:30,1.11274,1.1128,1.11261,1.1127,518
2020-01-14 23:45,1.11269,1.11279,1.11265,1.11275,236
2020-01-15 00:00,1.11276,1.11297,1.1127,1.11295,522
2020-01-15 00:15,1.11296,1.11302,1.1129,1.113,430
2020-01-15 00:30,1.113,1.11304,1.11286,1.11296,569
2020-01-15 00:45,1.11298,1.11307,1.11288,1.11295,562
2020-01-15 01:00,1.11294,1.11311,1.1129,1.11309,458
2020-01-15 01:15,1.11308,1.11309,1.11274,1.11274,855
2020-01-15 01:30,1.11275,1.11288,1.11272,1.11287,663
2020-01-15 01:45,1.11286,1.11301,1.11285,1.11296,785
2020-01-15 02:00,1.11295,1.11311,1.11295,1.11307,755
2020-01-15 02:15,1.11308,1.11308,1.11294,1.11295,675
2020-01-15 02:30,1.11295,1.11297,1.1127,1.11282,672
2020-01-15 02:45,1.11282,1.11292,1.11271,1.11291,364
2020-01-15 03:00,1.11292,1.11296,1.1128,1.11287,309
2020-01-15 03:15,1.11287,1.11301,1.11284,1.11297,532
2020-01-15 03:30,1.11297,1.11308,1.11289,1.11304,475
2020-01-15 03:45,1.11306,1.11311,1.11296,1.11302,327
2020-01-15 04:00,1.11303,1.11306,1.11297,1.11306,466
2020-01-15 04:15,1.11306,1.11316,1.11301,1.11316,420
2020-01-15 04:30,1.11316,1.11337,1.11315,1.1133,469
2020-01-15 04:45,1.11329,1.11336,1.11324,1.11331,674
2020-01-15 05:00,1.1133,1.11332,1.11316,1.1132,424
2020-01-15 05:15,1.1132,1.11331,1.1132,1.11326,594
2020-01-15 05:30,1.11325,1.1133,1.11319,1.11322,466
2020-01-15 05:45,1.11321,1.11346,1.11321,1.11339,302
2020-01-15 06:00,1.11339,1.11362,1.11329,1.11359,691
2020-01-15 06:15,1.11359,1.11364,1.11343,1.11348,739
2020-01-15 06:30,1.11347,1.11348,1.11322,1.11329,860
2020-01-15 06:45,1.11328,1.11356,1.11328,1.11355,686
2020-01-15 07:00,1.11355,1.11368,1.11335,1.11343,1262
2020-01-15 07:15,1.11342,1.11359,1.11342,1.11349,899
2020-01-15 07:30,1.11348,1.11355,1.11291,1.11293,5345
2020-01-15 07:45,1.11293,1.11311,1.11271,1.11284,1358
2020-01-15 08:00,1.11283,1.11287,1.11214,1.11221,2623
2020-01-15 08:15,1.11221,1.11236,1.11185,1.11231,2271
2020-01-15 08:30,1.11231,1.11255,1.1122,1.1123,2212
2020-01-15 08:45,1.1123,1.11308,1.1123,1.11301,1934
2020-01-15 09:00,1.113,1.11313,1.11257,1.113,1752
2020-01-15 09:15,1.11301,1.11321,1.11282,1.1132,2261
2020-01-15 09:30,1.11318,1.11334,1.11281,1.11324,2826
2020-01-15 09:45,1.11323,1.11326,1.11275,1.11282,2047
2020-01-15 10:00,1.11282,1.11282,1.11249,1.11254,1717
2020-01-15 10:15,1.11255,1.11306,1.11254,1.11306,1216
2020-01-15 10:30,1.11305,1.11327,1.11293,1.11315,1310
2020-01-15 10:45,1.11314,1.11393,1.11313,1.11387,2017
2020-01-15 11:00,1.11387,1.11549,1.1138,1.115,3698
2020-01-15 11:15,1.11501,1.11534,1.11467,1.115,2431
2020-01-15 11:30,1.115,1.11514,1.11456,1.11491,1842
2020-01-15 11:45,1.11491,1.11512,1.1146,1.1148,2072
2020-01-15 12:00,1.11478,1.11516,1.1147,1.11489,1503
2020-01-15 12:15,1.11489,1.11525,1.11472,1.11475,1625
2020-01-15 12:30,1.11474,1.11481,1.11449,1.11451,1357
2020-01-15 12:45,1.11451,1.11462,1.11396,1.1141,2276
2020-01-15 13:00,1.11416,1.11449,1.11405,1.11422,2218
2020-01-15 13:15,1.11422,1.11459,1.114,1.11447,2524
2020-01-15 13:30,1.11447,1.11491,1.1143,1.11484,19576
2020-01-15 13:45,1.11483,1.11494,1.11465,1.1149,2457
2020-01-15 14:00,1.11489,1.11541,1.11486,1.11521,2934
2020-01-15 14:15,1.11521,1.11607,1.11513,1.11602,2609
2020-01-15 14:30,1.11602,1.11634,1.11545,1.11556,3407
2020-01-15 14:45,1.11556,1.1156,1.11512,1.11522,3343
2020-01-15 15:00,1.11523,1.11528,1.11431,1.11442,4007
2020-01-15 15:15,1.11444,1.11548,1.11443,1.11536,2455
2020-01-15 15:30,1.11537,1.11537,1.11496,1.11508,2624
2020-01-15 15:45,1.1151,1.11527,1.1145,1.11521,3689
2020-01-15 16:00,1.11522,1.11577,1.11496,1.11577,3213
2020-01-15 16:15,1.11577,1.11594,1.11554,1.11554,1885
2020-01-15 16:30,1.11555,1.11581,1.11543,1.11574,1676
2020-01-15 16:45,1.11575,1.11599,1.11563,1.11595,1524
2020-01-15 17:00,1.11596,1.11606,1.11562,1.11563,1701
2020-01-15 17:15,1.11563,1.1161,1.11562,1.11605,1528
2020-01-15 17:30,1.11605,1.11614,1.11568,1.11575,1215
2020-01-15 17:45,1.11574,1.11593,1.11566,1.11576,1373
2020-01-15 18:00,1.11575,1.11589,1.11562,1.11589,979
2020-01-15 18:15,1.1159,1.11596,1.11545,1.11546,1097
2020-01-15 18:30,1.11545,1.11553,1.11503,1.11519,1336
2020-01-15 18:45,1.11518,1.11524,1.11497,1.11516,879
2020-01-15 19:00,1.11515,1.11516,1.11494,1.11507,1039
2020-01-15 19:15,1.11508,1.11528,1.11506,1.11527,2840
2020-01-15 19:30,1.11527,1.1154,1.11512,1.11513,981
2020-01-15 19:45,1.11514,1.11521,1.11494,1.11504,943
2020-01-15 20:00,1.11504,1.11511,1.11493,1.11494,869
2020-01-15 20:15,1.11496,1.11498,1.11482,1.11482,833
2020-01-15 20:30,1.11482,1.1151,1.11482,1.11498,789
2020-01-15 20:45,1.11497,1.11529,1.11497,1.11523,981
2020-01-15 21:00,1.11523,1.11523,1.11492,1.11496,475
2020-01-15 21:15,1.11496,1.11496,1.11486,1.11487,362
2020-01-15 21:30,1.11486,1.11487,1.11481,1.11485,387
2020-01-15 21:45,1.11486,1.11506,1.11482,1.11495,299
2020-01-15 22:00,1.11492,1.11524,1.1149,1.11512,161
2020-01-15 22:15,1.1151,1.11539,1.11503,1.11523,291
2020-01-15 22:30,1.11522,1.11534,1.11506,1.11506,990
2020-01-15 22:45,1.11506,1.11516,1.11504,1.11514,276
2020-01-15 23:00,1.11515,1.1153,1.11514,1.11517,378
2020-01-15 23:15,1.11517,1.11521,1.115,1.11505,242
2020-01-15 23:30,1.11507,1.1152,1.11505,1.11513,403
2020-01-15 23:45,1.11514,1.11526,1.1151,1.11524,349
2020-01-16 00:00,1.11524,1.1158,1.11523,1.11578,735
2020-01-16 00:15,1.11578,1.1158,1.11558,1.11574,892
2020-01-16 00:30,1.11573,1.11577,1.11561,1.11562,514
2020-01-16 00:45,1.11562,1.11563,1.11539,1.11548,454
2020-01-16 01:00,1.11548,1.11552,1.11537,1.11545,672
2020-01-16 01:15,1.11544,1.1155,1.11536,1.11544,723
2020-01-16 01:30,1.11544,1.11546,1.11531,1.11539,640
2020-01-16 01:45,1.11539,1.1154,1.1153,1.11535,634
2020-01-16 02:00,1.11534,1.11537,1.11527,1.11535,400
2020-01-16 02:15,1.11534,1.11536,1.11517,1.11518,523
2020-01-16 02:30,1.11519,1.1152,1.11507,1.11519,428
2020-01-16 02:45,1.11519,1.11522,1.11514,1.11516,1666
2020-01-16 03:00,1.11516,1.11534,1.11513,1.11533,373
2020-01-16 03:15,1.11533,1.11549,1.11532,1.11544,449
2020-01-16 03:30,1.11545,1.1155,1.1154,1.11542,391
2020-01-16 03:45,1.11542,1.11543,1.11526,1.11527,502
2020-01-16 04:00,1.11527,1.11532,1.11525,1.11527,404
2020-01-16 04:15,1.11526,1.11534,1.11525,1.11526,315
2020-01-16 04:30,1.11526,1.11531,1.1151,1.11525,582
2020-01-16 04:45,1.11526,1.11534,1.11507,1.1151,372
2020-01-16 05:00,1.11511,1.11524,1.11511,1.11517,440
2020-01-16 05:15,1.11517,1.11521,1.11509,1.11509,347
2020-01-16 05:30,1.11509,1.11511,1.11499,1.11506,450
2020-01-16 05:45,1.11507,1.11513,1.11496,1.11498,753
2020-01-16 06:00,1.11498,1.11498,1.11475,1.11494,602
2020-01-16 06:15,1.11494,1.11494,1.11455,1.11461,778
2020-01-16 06:30,1.11459,1.11484,1.11445,1.11478,1000
2020-01-16 06:45,1.11478,1.11504,1.11473,1.11503,781
2020-01-16 07:00,1.11503,1.11529,1.11486,1.11491,1371
2020-01-16 07:15,1.1149,1.11506,1.11458,1.1148,1807
2020-01-16 07:30,1.11478,1.11507,1.11455,1.11461,1576
2020-01-16 07:45,1.11461,1.11481,1.11451,1.11476,1585